AAAA	1.00236792119875
AAAC	1.00826437944398
AAAG	1.009103317699
AAAT	1.01332252040446
AACA	0.993957787845088
AACC	0.970016246181989
AACG	1.04316928671209
AACT	0.997585339187244
AAGA	1.04918924987348
AAGC	1.09506328248057
AAGG	1.04725463494582
AAGT	1.09751148093371
AATA	1.01202114153322
AATC	1.00839210798971
AATG	1.00250946777097
AATT	1.02519650599158
ACAA	0.993565358234406
ACAC	0.990377313551301
ACAG	0.986606546081447
ACAT	0.970785887981143
ACCA	0.944316324461177
ACCC	0.932839836392097
ACCG	0.943132015001325
ACCT	0.9319527446741
ACGA	1.20262450476782
ACGC	1.26429936112361
ACGG	1.23455053329557
ACGT	1.18449155979539
ACTA	0.948583153745317
ACTC	0.961789638613042
ACTG	0.95726670038469
ACTT	0.955084939385938
AGAA	1.03565752246742
AGAC	1.06244122422761
AGAG	1.03559387532112
AGAT	1.02298469950375
AGCA	1.03456249666919
AGCC	1.01481366355469
AGCG	1.06769306744223
AGCT	1.01829838558464
AGGA	1.0988171038192
AGGC	1.18308339312508
AGGG	1.09415167287387
AGGT	1.15064319979332
AGTA	1.01890704027253
AGTC	1.03533288122745
AGTG	1.02054553676129
AGTT	1.01893811344621
ATAA	1.07311137161756
ATAC	1.1116410599115
ATAG	1.1111121952521
ATAT	1.08854451795017
ATCA	1.07409351552147
ATCC	1.02406524036657
ATCG	1.14166343377052
ATCT	1.02024032495849
ATGA	1.1054982099701
ATGC	1.19151133581961
ATGG	1.16019357415009
ATGT	1.12457619469645
ATTA	1.03408329058791
ATTC	1.02942026365335
ATTG	1.04899582774782
ATTT	1.01080256752106
CAAA	0.932940110504547
CAAC	0.961761326171555
CAAG	0.943252563019908
CAAT	0.947168284262487
CACA	0.944153880775323
CACC	0.938993532786866
CACG	0.99019201296866
CACT	0.935542976196648
CAGA	0.995622618754754
CAGC	1.05136185239468
CAGG	0.994586815101696
CAGT	1.02724560739978
CATA	0.94181587587953
CATC	0.950299298452172
CATG	0.943741897396465
CATT	0.945300465575961
CCAA	0.884263457030394
CCAC	0.904656066294062
CCAG	0.897566562368248
CCAT	0.899229803018982
CCCA	0.853548702454773
CCCC	0.877202168769489
CCCG	0.898511528902982
CCCT	0.87679746271691
CCGA	0.997777862649233
CCGC	1.04966774052556
CCGG	1.05909786159094
CCGT	1.038919443595
CCTA	0.884335319026919
CCTC	0.906678180952969
CCTG	0.894245849885688
CCTT	0.90732102400239
CGAA	0.896862292200515
CGAC	0.92505443178431
CGAG	0.898505492268646
CGAT	0.901710541407452
CGCA	0.915885550539764
CGCC	0.933325970872706
CGCG	0.996819298973323
CGCT	0.917085960693448
CGGA	0.974214739820434
CGGC	0.998493423564349
CGGG	0.977209395864723
CGGT	0.997560709149982
CGTA	0.902635237554654
CGTC	0.926009144264862
CGTG	0.913234387691133
CGTT	0.902609339771658
CTAA	0.97402408944736
CTAC	1.00457824610941
CTAG	1.00516107461352
CTAT	0.984854997213254
CTCA	0.976300840457714
CTCC	0.987099415063077
CTCG	1.03391903117275
CTCT	0.968140062495315
CTGA	0.966723500592295
CTGC	1.03186438092541
CTGG	1.02011936116511
CTGT	0.984783108322006
CTTA	0.925430276003285
CTTC	0.953138290559976
CTTG	0.945092774485618
CTTT	0.92169057596378
GAAA	1.04326817913747
GAAC	1.03954577827631
GAAG	1.05290207441874
GAAT	1.02643981867784
GACA	1.02187200592041
GACC	0.989819110798126
GACG	1.07406713395455
GACT	1.0153631342837
GAGA	1.12151791245544
GAGC	1.18145704693138
GAGG	1.13864346262614
GAGT	1.17004619413148
GATA	1.0469860159049
GATC	1.02233345684232
GATG	1.05507270503087
GATT	1.03440971282546
GCAA	1.04266279305086
GCAC	1.03516062069071
GCAG	1.05534509518285
GCAT	1.01316014561468
GCCA	0.972101369324415
GCCC	0.965910784720604
GCCG	1.02391285289757
GCCT	0.969886974108255
GCGA	1.19850628721949
GCGC	1.21773072128323
GCGG	1.25399733828974
GCGT	1.1973965929329
GCTA	1.00988490245746
GCTC	1.01688804991231
GCTG	1.02501419508596
GCTT	1.00596621075229
GGAA	0.998676001419646
GGAC	1.01488108910766
GGAG	1.0189665611215
GGAT	0.984650514509377
GGCA	1.01044968529713
GGCC	0.997273834599561
GGCG	1.07592495882535
GGCT	1.00037323607035
GGGA	1.02288859864986
GGGC	1.09375621943808
GGGG	1.05357533964713
GGGT	1.07629495262506
GGTA	1.00903532443576
GGTC	1.00678600668347
GGTG	1.03152568198532
GGTT	0.990043442562271
GTAA	1.06310341703058
GTAC	1.07957906335805
GTAG	1.10127645540564
GTAT	1.02593769304685
GTCA	1.04572624207059
GTCC	1.01353129611319
GTCG	1.11717316525073
GTCT	0.997621313967063
GTGA	1.10909725629907
GTGC	1.18497014508358
GTGG	1.17161029262811
GTGT	1.11639038755912
GTTA	1.01529369693497
GTTC	1.01801135382511
GTTG	1.0484470832278
GTTT	0.997046344097525
TAAA	1.04910258676249
TAAC	1.07078233427894
TAAG	1.10580048644958
TAAT	1.0530307505525
TACA	1.04883935027739
TACC	1.0377863389272
TACG	1.19896153097605
TACT	1.04499563574609
TAGA	1.14165614851101
TAGC	1.22091249445735
TAGG	1.17634174301124
TAGT	1.20056090455108
TATA	1.01799366388903
TATC	1.02464790302302
TATG	1.04831411285148
TATT	1.02168432483133
TCAA	1.09411960916652
TCAC	1.07855690954233
TCAG	1.16508396159372
TCAT	1.06323661704391
TCCA	1.03364774639206
TCCC	1.02821765361471
TCCG	1.24706715638305
TCCT	1.03322950792346
TCGA	1.43425390938413
TCGC	1.54950288195647
TCGG	1.63455869302997
TCGT	1.4435685058927
TCTA	1.00826463413086
TCTC	1.03649273663958
TCTG	1.07622824642553
TCTT	1.04257156783289
TGAA	1.03668188572574
TGAC	1.06922984236415
TGAG	1.06653737338497
TGAT	1.025829402157
TGCA	1.03394457805108
TGCC	1.04265377682216
TGCG	1.16964229872567
TGCT	1.03750775643556
TGGA	1.12790502464172
TGGC	1.20511552205616
TGGG	1.14213952593926
TGGT	1.19297089357519
TGTA	1.00978657250783
TGTC	1.04341888339541
TGTG	1.04633462395231
TGTT	1.01361110713689
TTAA	1.26985503203971
TTAC	1.31716618167841
TTAG	1.4322761185711
TTAT	1.19337066914437
TTCA	1.26975413599249
TTCC	1.24717663456961
TTCG	1.4759543444392
TTCT	1.24133488276315
TTGA	1.29024826713273
TTGC	1.44716818416835
TTGG	1.52616115322114
TTGT	1.27609003226659
TTTA	1.07610145803819
TTTC	1.13695364998871
TTTG	1.20425761220825
TTTT	1.09804853320527
